{
    "my-eyes.mp3": [
        159.17278911564625,
        252.81886621315192
    ],
    "the-search.mp3": [
        118.63074829931973,
        291.8051700680272
    ],
    "silbando.mp3": [
        25.843809523809522,
        125.24843537414966
    ],
    "jurabas-tu.mp3": [
        15.487709750566893
    ],
    "superman.mp3": [
        0.23219954648526078
    ]
}